Workbook

Sheet 作品一覧
A1: No | C1: 作品名 | D1: タイトル | E1: 種別 | F1: タグ区分 | G1: カテゴリ | H1: 説明 | I1: 使用技術 | J1: ファイル | K1: 行数 | L1: サイズ(KB) | M1: 公開日 | N1: 最終更新 | O1: コミット数 | P1: デモURL | Q1: ソースURL
A2: 1 | B2: 🌈 | C2: RAINBOW YARN | D2: RAINBOW YARN ─ 虹あやとり | E2: 楽器 | F2: HANDS | G2: 虹あやとり | H2: 両手の指先に虹色のあやとりが生まれる。指の本数と手の広げ具合で音色が変わり、両手グーで音が止まる。 | I2: MediaPipe Hands / Web Audio / カメラ(getUserMedia) / Canvas 2D | J2: rainbow-ayatori/index.html | K2: 864 | L2: 36.2 | M2: 46220 | N2: 46220 | O2: 1 | P2: https://apaapaapaapaapa2006-source.github.io/Oto/rainbow-ayatori/ | Q2: https://github.com/apaapaapaapaapa2006-source/Oto/blob/claude/upload-project-github-w5g1fq/rainbow-ayatori/index.html
A3: 2 | B3: 🌑 | C3: DARK SONAR | D3: DARK SONAR — 音だけが光 | E3: 楽器 | F3: MOTION | G3: ソナー | H3: 暗闇に響くソナーの楽器。動きが波紋になり、手拍子にも反応する。 | I3: Web Audio / カメラ(getUserMedia) | J3: dark-sonar/index.html | K3: 79 | L3: 15.3 | M3: 46215 | N3: 46215 | O3: 2 | P3: https://apaapaapaapaapa2006-source.github.io/Oto/dark-sonar/ | Q3: https://github.com/apaapaapaapaapa2006-source/Oto/blob/claude/upload-project-github-w5g1fq/dark-sonar/index.html
A4: 3 | B4: ✨ | C4: PHOTON HARP | D4: PHOTON HARP | E4: 楽器 | F4: HANDS | G4: ハープ | H4: カメラで演奏する光のハープ。手の動きが弦をはじく。 | I4: MediaPipe Hands / Web Audio / Canvas 2D | J4: photon harp.html | K4: 400 | L4: 14.6 | M4: 46210 | N4: 46210 | O4: 1 | P4: https://apaapaapaapaapa2006-source.github.io/Oto/photon%20harp.html | Q4: https://github.com/apaapaapaapaapa2006-source/Oto/blob/claude/upload-project-github-w5g1fq/photon%20harp.html
A5: 4 | B5: 🫥 | C5: CONTOUR | D5: CONTOUR | E5: 楽器 | F5: FACE & HANDS | G5: 表情楽器 | H5: 顔が、楽器になる。表情と両手のジェスチャーで音と光を操るインストゥルメント。 | I5: MediaPipe Hands / Face Landmarker / Web Audio / カメラ(getUserMedia) / Canvas 2D | J5: contour-3/index.html | K5: 1058 | L5: 36.2 | M5: 46221 | N5: 46221 | O5: 1 | P5: https://apaapaapaapaapa2006-source.github.io/Oto/contour-3/ | Q5: https://github.com/apaapaapaapaapa2006-source/Oto/blob/claude/upload-project-github-w5g1fq/contour-3/index.html
A6: 5 | B6: 🔮 | C6: SIGIL | D6: SIGIL ─ 電脳魔法陣 | E6: 楽器 | F6: HANDS | G6: 電脳魔法陣 | H6: 手が電脳魔法陣を紡ぐ楽器。指の本数でルーンが展開し、拳を握ると呪文を詠唱して光が弾ける。 | I6: MediaPipe Hands / Web Audio / カメラ(getUserMedia) / Canvas 2D | J6: sigil/index.html | K6: 844 | L6: 36 | M6: 46247 | N6: 46247 | O6: 1 | P6: https://apaapaapaapaapa2006-source.github.io/Oto/sigil/ | Q6: https://github.com/apaapaapaapaapa2006-source/Oto/blob/claude/upload-project-github-w5g1fq/sigil/index.html
A7: 6 | B7: 🌌 | C7: AURORA | D7: AURORA ─ 星々の指揮者 | E7: 楽器 | F7: BODY | G7: 星の指揮者 | H7: 全身の動きで星々をつなぎ、オーロラを奏でる楽器。手を高く掲げると音が輝き、素早く動かすと流れ星が鳴る。 | I7: MediaPipe Pose / Web Audio / カメラ(getUserMedia) / Canvas 2D | J7: aurora/index.html | K7: 615 | L7: 27.1 | M7: 46247 | N7: 46247 | O7: 1 | P7: https://apaapaapaapaapa2006-source.github.io/Oto/aurora/ | Q7: https://github.com/apaapaapaapaapa2006-source/Oto/blob/claude/upload-project-github-w5g1fq/aurora/index.html
A8: 7 | B8: 👻 | C8: SIREN | D8: SIREN ─ 歌う幻影 | E8: 楽器 | F8: VOICE & HAND | G8: 声の幻影 | H8: マイクに歌うと声の高さがそのまま幻影の声になる楽器。片手にその魂が宿り、握りしめると声が消える。 | I8: MediaPipe Hands / Web Audio / カメラ(getUserMedia) / Canvas 2D | J8: siren/index.html | K8: 861 | L8: 35.5 | M8: 46247 | N8: 46247 | O8: 1 | P8: https://apaapaapaapaapa2006-source.github.io/Oto/siren/ | Q8: https://github.com/apaapaapaapaapa2006-source/Oto/blob/claude/upload-project-github-w5g1fq/siren/index.html
A9: 8 | B9: 🥊 | C9: PUNCH BEAT | D9: PUNCH BEAT ─ 光る的を撃ち抜け | E9: ゲーム | F9: GAME | G9: リズムパンチ | H9: 光る的をリズムよくパンチするカメラゲーム。タイミングが良いほど高得点、外すとHPが減りゲームオーバーに。 | I9: MediaPipe Hands / Web Audio / カメラ(getUserMedia) / Canvas 2D | J9: punch-beat/index.html | K9: 763 | L9: 31.6 | M9: 46248 | N9: 46248 | O9: 1 | P9: https://apaapaapaapaapa2006-source.github.io/Oto/punch-beat/ | Q9: https://github.com/apaapaapaapaapa2006-source/Oto/blob/claude/upload-project-github-w5g1fq/punch-beat/index.html
A10: 9 | B10: 🐊 | C10: CROCO PANIC | D10: CROCO PANIC ─ 電脳ワニワニパニック | E10: ゲーム | F10: GAME | G10: もぐらたたき | H10: 電脳ワニワニパニック。ハッチから飛び出すネオンのワニを手で叩け。トラップを誤爆すると減点、45秒のタイムアタック。 | I10: MediaPipe Hands / Web Audio / カメラ(getUserMedia) / Canvas 2D | J10: croco-panic/index.html | K10: 901 | L10: 36.4 | M10: 46249 | N10: 46250 | O10: 2 | P10: https://apaapaapaapaapa2006-source.github.io/Oto/croco-panic/ | Q10: https://github.com/apaapaapaapaapa2006-source/Oto/blob/claude/upload-project-github-w5g1fq/croco-panic/index.html
A11: 10 | B11: 👤 | C11: PENUMBRA | D11: PENUMBRA ─ 影の竪琴 | E11: 楽器 | F11: SILHOUETTE | G11: 影の竪琴 | H11: カメラの前に立つと影が浮かび上がり、体の動きが12本の光の弦を弾く楽器。影を大きく広げるほど伴奏が厚くなる。 | I11: Selfie Segmentation / Web Audio / カメラ(getUserMedia) / Canvas 2D | J11: penumbra/index.html | K11: 694 | L11: 28.9 | M11: 46249 | N11: 46249 | O11: 1 | P11: https://apaapaapaapaapa2006-source.github.io/Oto/penumbra/ | Q11: https://github.com/apaapaapaapaapa2006-source/Oto/blob/claude/upload-project-github-w5g1fq/penumbra/index.html
A12: 11 | B12: 👁 | C12: IRIS | D12: IRIS ─ 視線のテルミン | E12: 楽器 | F12: GAZE | G12: 視線の巫女 | H12: 視線がルーンを灯す楽器。浮かぶ8つの符を目で狙うと音が鳴り続け、まばたきで澄んだ音が弾ける。両目を閉じると静寂が訪れる。 | I12: Face Landmarker / Web Audio / カメラ(getUserMedia) / Canvas 2D | J12: iris/index.html | K12: 837 | L12: 34.3 | M12: 46250 | N12: 46250 | O12: 1 | P12: https://apaapaapaapaapa2006-source.github.io/Oto/iris/ | Q12: https://github.com/apaapaapaapaapa2006-source/Oto/blob/claude/upload-project-github-w5g1fq/iris/index.html
A13: 12 | B13: 🖌 | C13: SUMI | D13: SUMI ─ 墨のにじみ | E13: 楽器 | F13: INK | G13: 墨のにじみ | H13: 体の輪郭から墨がにじみ、動いた跡が一枚の水墨画として残る楽器。止まると墨は乾き、両腕を広げれば墨が咲いて琴と太鼓が響く。 | I13: Selfie Segmentation / Web Audio / カメラ(getUserMedia) / Canvas 2D | J13: sumi/index.html | K13: 949 | L13: 38.7 | M13: 46251 | N13: 46251 | O13: 1 | P13: https://apaapaapaapaapa2006-source.github.io/Oto/sumi/ | Q13: https://github.com/apaapaapaapaapa2006-source/Oto/blob/claude/upload-project-github-w5g1fq/sumi/index.html
... A22: 21 | B22: 🪞 | C22: KAGAMI | D22: KAGAMI ─ 合わせ鏡の曼荼羅 | E22: 楽器 | F22: SYMMETRY | G22: 合わせ鏡 | H22: 左右の手を鏡写しに重ねる楽器。ズレていると像が水色と桃色に分離して和音が濁り、形が揃うほど曼荼羅が結晶して音が澄む。揃えたまま保つと開花して次の和音へ。同じ形では二度咲かない。 | I22: MediaPipe Hands / Web Audio / カメラ(getUserMedia) / Canvas 2D | J22: kagami/index.html | K22: 1258 | L22: 49.4 | M22: 46259 | N22: 46259 | O22: 1 | P22: https://apaapaapaapaapa2006-source.github.io/Oto/kagami/ | Q22: https://github.com/apaapaapaapaapa2006-source/Oto/blob/claude/upload-project-github-w5g1fq/kagami/index.html

Sheet サマリー
A1: Oto — カメラとマイクで奏でる光と音の楽器コレクション
A3: リポジトリ | B3: https://github.com/apaapaapaapaapa2006-source/Oto
A4: ブランチ | B4: claude/upload-project-github-w5g1fq
A5: 公開サイト | B5: https://apaapaapaapaapa2006-source.github.io/Oto/
A6: 集計日 | B6: 2026-08-26
A8: 項目 | B8: 値
A9: 作品数 | B9: =COUNTA(作品一覧!C2:C22)
A10: うち楽器 | B10: =COUNTIF(作品一覧!E2:E22,"楽器")
A11: うちゲーム | B11: =COUNTIF(作品一覧!E2:E22,"ゲーム")
A12: 総行数 | B12: =SUM(作品一覧!K2:K22)
A13: 合計サイズ(KB) | B13: =SUM(作品一覧!L2:L22)
A14: 平均行数 | B14: =ROUND(AVERAGE(作品一覧!K2:K22),0)
A15: 最初の公開日 | B15: =MIN(作品一覧!M2:M22)
A16: 最新の公開日 | B16: =MAX(作品一覧!M2:M22)
A18: タグ区分別 件数
A19: タグ区分 | B19: 件数
A20: BODY | B20: =COUNTIF(作品一覧!F2:F22,A20)
A21: FACE & HANDS | B21: =COUNTIF(作品一覧!F2:F22,A21)
A22: GAME | B22: =COUNTIF(作品一覧!F2:F22,A22)
A23: GAZE | B23: =COUNTIF(作品一覧!F2:F22,A23)
A24: HANDS | B24: =COUNTIF(作品一覧!F2:F22,A24)
A25: INK | B25: =COUNTIF(作品一覧!F2:F22,A25)
A26: LIGHT | B26: =COUNTIF(作品一覧!F2:F22,A26)
A27: LOOP | B27: =COUNTIF(作品一覧!F2:F22,A27)
A28: MOTION | B28: =COUNTIF(作品一覧!F2:F22,A28)
A29: SILHOUETTE | B29: =COUNTIF(作品一覧!F2:F22,A29)
A30: SYMMETRY | B30: =COUNTIF(作品一覧!F2:F22,A30)
A31: VOICE & HAND | B31: =COUNTIF(作品一覧!F2:F22,A31)
A32: VOICELESS | B32: =COUNTIF(作品一覧!F2:F22,A32)
A33: WIND | B33: =COUNTIF(作品一覧!F2:F22,A33)
